Patient_ID	Sample_ID	Iteration	Cluster_ID	Abundance
patient2	p2_t1	0	1	6
patient2	p2_t1	0	2	44
patient2	p2_t1	0	3	0
patient2	p2_t1	0	4	31
patient2	p2_t1	0	5	1
patient2	p2_t1	0	6	18
patient2	p2_t1	1	1	0
patient2	p2_t1	1	2	84
patient2	p2_t1	1	3	0
patient2	p2_t1	1	4	0
patient2	p2_t1	1	5	1
patient2	p2_t1	1	6	15
patient2	p2_t1	2	1	0
patient2	p2_t1	2	2	50
patient2	p2_t1	2	3	0
patient2	p2_t1	2	4	34
patient2	p2_t1	2	5	1
patient2	p2_t1	2	6	15
patient2	p2_t1	3	1	0
patient2	p2_t1	3	2	50
patient2	p2_t1	3	3	1
patient2	p2_t1	3	4	30
patient2	p2_t1	3	5	1
patient2	p2_t1	3	6	18
patient2	p2_t1	4	1	3
patient2	p2_t1	4	2	47
patient2	p2_t1	4	3	0
patient2	p2_t1	4	4	33
patient2	p2_t1	4	5	1
patient2	p2_t1	4	6	16
patient2	p2_t1	5	1	0
patient2	p2_t1	5	2	50
patient2	p2_t1	5	3	0
patient2	p2_t1	5	4	33
patient2	p2_t1	5	5	1
patient2	p2_t1	5	6	16
patient2	p2_t1	6	1	0
patient2	p2_t1	6	2	52
patient2	p2_t1	6	3	0
patient2	p2_t1	6	4	32
patient2	p2_t1	6	5	1
patient2	p2_t1	6	6	15
patient2	p2_t1	7	1	0
patient2	p2_t1	7	2	50
patient2	p2_t1	7	3	0
patient2	p2_t1	7	4	33
patient2	p2_t1	7	5	1
patient2	p2_t1	7	6	16
patient2	p2_t1	8	1	0
patient2	p2_t1	8	2	74
patient2	p2_t1	8	3	0
patient2	p2_t1	8	4	10
patient2	p2_t1	8	5	1
patient2	p2_t1	8	6	15
patient2	p2_t1	9	1	0
patient2	p2_t1	9	2	50
patient2	p2_t1	9	3	0
patient2	p2_t1	9	4	34
patient2	p2_t1	9	5	1
patient2	p2_t1	9	6	15
patient2	p2_t1	10	1	5
patient2	p2_t1	10	2	45
patient2	p2_t1	10	3	0
patient2	p2_t1	10	4	32
patient2	p2_t1	10	5	1
patient2	p2_t1	10	6	17
patient2	p2_t1	11	1	0
patient2	p2_t1	11	2	85
patient2	p2_t1	11	3	0
patient2	p2_t1	11	4	0
patient2	p2_t1	11	5	1
patient2	p2_t1	11	6	14
patient2	p2_t1	12	1	0
patient2	p2_t1	12	2	50
patient2	p2_t1	12	3	0
patient2	p2_t1	12	4	29
patient2	p2_t1	12	5	1
patient2	p2_t1	12	6	20
patient2	p2_t1	13	1	22
patient2	p2_t1	13	2	29
patient2	p2_t1	13	3	0
patient2	p2_t1	13	4	32
patient2	p2_t1	13	5	1
patient2	p2_t1	13	6	16
patient2	p2_t1	14	1	11
patient2	p2_t1	14	2	39
patient2	p2_t1	14	3	1
patient2	p2_t1	14	4	29
patient2	p2_t1	14	5	1
patient2	p2_t1	14	6	19
patient2	p2_t1	15	1	0
patient2	p2_t1	15	2	75
patient2	p2_t1	15	3	0
patient2	p2_t1	15	4	6
patient2	p2_t1	15	5	1
patient2	p2_t1	15	6	18
patient2	p2_t1	16	1	0
patient2	p2_t1	16	2	67
patient2	p2_t1	16	3	0
patient2	p2_t1	16	4	16
patient2	p2_t1	16	5	1
patient2	p2_t1	16	6	16
patient2	p2_t1	17	1	7
patient2	p2_t1	17	2	44
patient2	p2_t1	17	3	0
patient2	p2_t1	17	4	35
patient2	p2_t1	17	5	1
patient2	p2_t1	17	6	13
patient2	p2_t1	18	1	0
patient2	p2_t1	18	2	50
patient2	p2_t1	18	3	0
patient2	p2_t1	18	4	33
patient2	p2_t1	18	5	1
patient2	p2_t1	18	6	16
patient2	p2_t1	19	1	19
patient2	p2_t1	19	2	32
patient2	p2_t1	19	3	0
patient2	p2_t1	19	4	32
patient2	p2_t1	19	5	1
patient2	p2_t1	19	6	16
patient2	p2_t1	20	1	0
patient2	p2_t1	20	2	69
patient2	p2_t1	20	3	0
patient2	p2_t1	20	4	13
patient2	p2_t1	20	5	1
patient2	p2_t1	20	6	17
patient2	p2_t1	21	1	0
patient2	p2_t1	21	2	50
patient2	p2_t1	21	3	0
patient2	p2_t1	21	4	33
patient2	p2_t1	21	5	1
patient2	p2_t1	21	6	16
patient2	p2_t1	22	1	0
patient2	p2_t1	22	2	62
patient2	p2_t1	22	3	0
patient2	p2_t1	22	4	23
patient2	p2_t1	22	5	1
patient2	p2_t1	22	6	14
patient2	p2_t1	23	1	0
patient2	p2_t1	23	2	99
patient2	p2_t1	23	3	0
patient2	p2_t1	23	4	0
patient2	p2_t1	23	5	1
patient2	p2_t1	23	6	0
patient2	p2_t1	24	1	0
patient2	p2_t1	24	2	66
patient2	p2_t1	24	3	0
patient2	p2_t1	24	4	16
patient2	p2_t1	24	5	1
patient2	p2_t1	24	6	17
patient2	p2_t1	25	1	6
patient2	p2_t1	25	2	44
patient2	p2_t1	25	3	0
patient2	p2_t1	25	4	31
patient2	p2_t1	25	5	1
patient2	p2_t1	25	6	18
patient2	p2_t1	26	1	0
patient2	p2_t1	26	2	50
patient2	p2_t1	26	3	0
patient2	p2_t1	26	4	35
patient2	p2_t1	26	5	1
patient2	p2_t1	26	6	14
patient2	p2_t1	27	1	0
patient2	p2_t1	27	2	72
patient2	p2_t1	27	3	0
patient2	p2_t1	27	4	11
patient2	p2_t1	27	5	1
patient2	p2_t1	27	6	16
patient2	p2_t1	28	1	16
patient2	p2_t1	28	2	34
patient2	p2_t1	28	3	0
patient2	p2_t1	28	4	33
patient2	p2_t1	28	5	1
patient2	p2_t1	28	6	16
patient2	p2_t1	29	1	2
patient2	p2_t1	29	2	48
patient2	p2_t1	29	3	0
patient2	p2_t1	29	4	34
patient2	p2_t1	29	5	1
patient2	p2_t1	29	6	15
patient2	p2_t1	30	1	0
patient2	p2_t1	30	2	56
patient2	p2_t1	30	3	0
patient2	p2_t1	30	4	25
patient2	p2_t1	30	5	1
patient2	p2_t1	30	6	18
patient2	p2_t1	31	1	0
patient2	p2_t1	31	2	65
patient2	p2_t1	31	3	0
patient2	p2_t1	31	4	18
patient2	p2_t1	31	5	1
patient2	p2_t1	31	6	16
patient2	p2_t1	32	1	10
patient2	p2_t1	32	2	40
patient2	p2_t1	32	3	1
patient2	p2_t1	32	4	31
patient2	p2_t1	32	5	1
patient2	p2_t1	32	6	17
patient2	p2_t1	33	1	0
patient2	p2_t1	33	2	50
patient2	p2_t1	33	3	1
patient2	p2_t1	33	4	34
patient2	p2_t1	33	5	1
patient2	p2_t1	33	6	14
patient2	p2_t1	34	1	3
patient2	p2_t1	34	2	47
patient2	p2_t1	34	3	0
patient2	p2_t1	34	4	35
patient2	p2_t1	34	5	1
patient2	p2_t1	34	6	14
patient2	p2_t1	35	1	5
patient2	p2_t1	35	2	45
patient2	p2_t1	35	3	0
patient2	p2_t1	35	4	33
patient2	p2_t1	35	5	1
patient2	p2_t1	35	6	16
patient2	p2_t1	36	1	0
patient2	p2_t1	36	2	51
patient2	p2_t1	36	3	0
patient2	p2_t1	36	4	31
patient2	p2_t1	36	5	1
patient2	p2_t1	36	6	17
patient2	p2_t1	37	1	0
patient2	p2_t1	37	2	50
patient2	p2_t1	37	3	0
patient2	p2_t1	37	4	34
patient2	p2_t1	37	5	1
patient2	p2_t1	37	6	15
patient2	p2_t1	38	1	0
patient2	p2_t1	38	2	78
patient2	p2_t1	38	3	0
patient2	p2_t1	38	4	4
patient2	p2_t1	38	5	1
patient2	p2_t1	38	6	17
patient2	p2_t1	39	1	1
patient2	p2_t1	39	2	49
patient2	p2_t1	39	3	0
patient2	p2_t1	39	4	33
patient2	p2_t1	39	5	1
patient2	p2_t1	39	6	16
patient2	p2_t1	40	1	0
patient2	p2_t1	40	2	50
patient2	p2_t1	40	3	0
patient2	p2_t1	40	4	32
patient2	p2_t1	40	5	1
patient2	p2_t1	40	6	17
patient2	p2_t1	41	1	0
patient2	p2_t1	41	2	99
patient2	p2_t1	41	3	0
patient2	p2_t1	41	4	0
patient2	p2_t1	41	5	1
patient2	p2_t1	41	6	0
patient2	p2_t1	42	1	0
patient2	p2_t1	42	2	53
patient2	p2_t1	42	3	0
patient2	p2_t1	42	4	31
patient2	p2_t1	42	5	1
patient2	p2_t1	42	6	15
patient2	p2_t1	43	1	0
patient2	p2_t1	43	2	76
patient2	p2_t1	43	3	0
patient2	p2_t1	43	4	8
patient2	p2_t1	43	5	1
patient2	p2_t1	43	6	15
patient2	p2_t1	44	1	0
patient2	p2_t1	44	2	53
patient2	p2_t1	44	3	0
patient2	p2_t1	44	4	28
patient2	p2_t1	44	5	1
patient2	p2_t1	44	6	18
patient2	p2_t1	45	1	8
patient2	p2_t1	45	2	44
patient2	p2_t1	45	3	0
patient2	p2_t1	45	4	32
patient2	p2_t1	45	5	1
patient2	p2_t1	45	6	15
patient2	p2_t1	46	1	0
patient2	p2_t1	46	2	50
patient2	p2_t1	46	3	1
patient2	p2_t1	46	4	32
patient2	p2_t1	46	5	1
patient2	p2_t1	46	6	16
patient2	p2_t1	47	1	6
patient2	p2_t1	47	2	44
patient2	p2_t1	47	3	0
patient2	p2_t1	47	4	32
patient2	p2_t1	47	5	1
patient2	p2_t1	47	6	17
patient2	p2_t1	48	1	0
patient2	p2_t1	48	2	75
patient2	p2_t1	48	3	0
patient2	p2_t1	48	4	8
patient2	p2_t1	48	5	1
patient2	p2_t1	48	6	16
patient2	p2_t1	49	1	0
patient2	p2_t1	49	2	52
patient2	p2_t1	49	3	0
patient2	p2_t1	49	4	33
patient2	p2_t1	49	5	1
patient2	p2_t1	49	6	14
patient2	p2_t1	50	1	0
patient2	p2_t1	50	2	50
patient2	p2_t1	50	3	0
patient2	p2_t1	50	4	35
patient2	p2_t1	50	5	1
patient2	p2_t1	50	6	14
patient2	p2_t1	51	1	0
patient2	p2_t1	51	2	50
patient2	p2_t1	51	3	0
patient2	p2_t1	51	4	32
patient2	p2_t1	51	5	1
patient2	p2_t1	51	6	17
patient2	p2_t1	52	1	6
patient2	p2_t1	52	2	44
patient2	p2_t1	52	3	0
patient2	p2_t1	52	4	33
patient2	p2_t1	52	5	1
patient2	p2_t1	52	6	16
patient2	p2_t1	53	1	0
patient2	p2_t1	53	2	56
patient2	p2_t1	53	3	0
patient2	p2_t1	53	4	28
patient2	p2_t1	53	5	1
patient2	p2_t1	53	6	15
patient2	p2_t1	54	1	0
patient2	p2_t1	54	2	78
patient2	p2_t1	54	3	0
patient2	p2_t1	54	4	7
patient2	p2_t1	54	5	1
patient2	p2_t1	54	6	14
patient2	p2_t1	55	1	0
patient2	p2_t1	55	2	50
patient2	p2_t1	55	3	0
patient2	p2_t1	55	4	31
patient2	p2_t1	55	5	1
patient2	p2_t1	55	6	18
patient2	p2_t1	56	1	0
patient2	p2_t1	56	2	85
patient2	p2_t1	56	3	0
patient2	p2_t1	56	4	0
patient2	p2_t1	56	5	1
patient2	p2_t1	56	6	14
patient2	p2_t1	57	1	0
patient2	p2_t1	57	2	50
patient2	p2_t1	57	3	0
patient2	p2_t1	57	4	34
patient2	p2_t1	57	5	1
patient2	p2_t1	57	6	15
patient2	p2_t1	58	1	0
patient2	p2_t1	58	2	50
patient2	p2_t1	58	3	0
patient2	p2_t1	58	4	30
patient2	p2_t1	58	5	1
patient2	p2_t1	58	6	19
patient2	p2_t1	59	1	2
patient2	p2_t1	59	2	48
patient2	p2_t1	59	3	0
patient2	p2_t1	59	4	33
patient2	p2_t1	59	5	1
patient2	p2_t1	59	6	16
patient2	p2_t1	60	1	0
patient2	p2_t1	60	2	54
patient2	p2_t1	60	3	0
patient2	p2_t1	60	4	28
patient2	p2_t1	60	5	1
patient2	p2_t1	60	6	17
patient2	p2_t1	61	1	16
patient2	p2_t1	61	2	34
patient2	p2_t1	61	3	0
patient2	p2_t1	61	4	32
patient2	p2_t1	61	5	1
patient2	p2_t1	61	6	17
patient2	p2_t1	62	1	0
patient2	p2_t1	62	2	50
patient2	p2_t1	62	3	0
patient2	p2_t1	62	4	36
patient2	p2_t1	62	5	1
patient2	p2_t1	62	6	13
patient2	p2_t1	63	1	0
patient2	p2_t1	63	2	51
patient2	p2_t1	63	3	0
patient2	p2_t1	63	4	30
patient2	p2_t1	63	5	1
patient2	p2_t1	63	6	18
patient2	p2_t1	64	1	3
patient2	p2_t1	64	2	47
patient2	p2_t1	64	3	0
patient2	p2_t1	64	4	34
patient2	p2_t1	64	5	1
patient2	p2_t1	64	6	15
patient2	p2_t1	65	1	0
patient2	p2_t1	65	2	50
patient2	p2_t1	65	3	0
patient2	p2_t1	65	4	33
patient2	p2_t1	65	5	1
patient2	p2_t1	65	6	16
patient2	p2_t1	66	1	0
patient2	p2_t1	66	2	70
patient2	p2_t1	66	3	0
patient2	p2_t1	66	4	15
patient2	p2_t1	66	5	1
patient2	p2_t1	66	6	14
patient2	p2_t1	67	1	0
patient2	p2_t1	67	2	50
patient2	p2_t1	67	3	0
patient2	p2_t1	67	4	31
patient2	p2_t1	67	5	1
patient2	p2_t1	67	6	18
patient2	p2_t1	68	1	3
patient2	p2_t1	68	2	47
patient2	p2_t1	68	3	0
patient2	p2_t1	68	4	34
patient2	p2_t1	68	5	1
patient2	p2_t1	68	6	15
patient2	p2_t1	69	1	0
patient2	p2_t1	69	2	50
patient2	p2_t1	69	3	0
patient2	p2_t1	69	4	33
patient2	p2_t1	69	5	1
patient2	p2_t1	69	6	16
patient2	p2_t1	70	1	0
patient2	p2_t1	70	2	71
patient2	p2_t1	70	3	0
patient2	p2_t1	70	4	13
patient2	p2_t1	70	5	1
patient2	p2_t1	70	6	15
patient2	p2_t1	71	1	0
patient2	p2_t1	71	2	50
patient2	p2_t1	71	3	0
patient2	p2_t1	71	4	32
patient2	p2_t1	71	5	1
patient2	p2_t1	71	6	17
patient2	p2_t1	72	1	0
patient2	p2_t1	72	2	73
patient2	p2_t1	72	3	0
patient2	p2_t1	72	4	10
patient2	p2_t1	72	5	1
patient2	p2_t1	72	6	16
patient2	p2_t1	73	1	0
patient2	p2_t1	73	2	51
patient2	p2_t1	73	3	0
patient2	p2_t1	73	4	29
patient2	p2_t1	73	5	1
patient2	p2_t1	73	6	19
patient2	p2_t1	74	1	2
patient2	p2_t1	74	2	48
patient2	p2_t1	74	3	0
patient2	p2_t1	74	4	34
patient2	p2_t1	74	5	1
patient2	p2_t1	74	6	15
patient2	p2_t1	75	1	0
patient2	p2_t1	75	2	50
patient2	p2_t1	75	3	0
patient2	p2_t1	75	4	33
patient2	p2_t1	75	5	1
patient2	p2_t1	75	6	16
patient2	p2_t1	76	1	0
patient2	p2_t1	76	2	51
patient2	p2_t1	76	3	0
patient2	p2_t1	76	4	33
patient2	p2_t1	76	5	1
patient2	p2_t1	76	6	15
patient2	p2_t1	77	1	0
patient2	p2_t1	77	2	50
patient2	p2_t1	77	3	0
patient2	p2_t1	77	4	32
patient2	p2_t1	77	5	1
patient2	p2_t1	77	6	17
patient2	p2_t1	78	1	7
patient2	p2_t1	78	2	44
patient2	p2_t1	78	3	0
patient2	p2_t1	78	4	33
patient2	p2_t1	78	5	1
patient2	p2_t1	78	6	15
patient2	p2_t1	79	1	0
patient2	p2_t1	79	2	52
patient2	p2_t1	79	3	0
patient2	p2_t1	79	4	31
patient2	p2_t1	79	5	1
patient2	p2_t1	79	6	16
patient2	p2_t1	80	1	0
patient2	p2_t1	80	2	55
patient2	p2_t1	80	3	0
patient2	p2_t1	80	4	26
patient2	p2_t1	80	5	1
patient2	p2_t1	80	6	18
patient2	p2_t1	81	1	6
patient2	p2_t1	81	2	44
patient2	p2_t1	81	3	0
patient2	p2_t1	81	4	34
patient2	p2_t1	81	5	1
patient2	p2_t1	81	6	15
patient2	p2_t1	82	1	0
patient2	p2_t1	82	2	50
patient2	p2_t1	82	3	0
patient2	p2_t1	82	4	33
patient2	p2_t1	82	5	1
patient2	p2_t1	82	6	16
patient2	p2_t1	83	1	0
patient2	p2_t1	83	2	70
patient2	p2_t1	83	3	0
patient2	p2_t1	83	4	13
patient2	p2_t1	83	5	1
patient2	p2_t1	83	6	16
patient2	p2_t1	84	1	0
patient2	p2_t1	84	2	90
patient2	p2_t1	84	3	0
patient2	p2_t1	84	4	0
patient2	p2_t1	84	5	1
patient2	p2_t1	84	6	9
patient2	p2_t1	85	1	0
patient2	p2_t1	85	2	50
patient2	p2_t1	85	3	0
patient2	p2_t1	85	4	30
patient2	p2_t1	85	5	1
patient2	p2_t1	85	6	19
patient2	p2_t1	86	1	4
patient2	p2_t1	86	2	46
patient2	p2_t1	86	3	0
patient2	p2_t1	86	4	31
patient2	p2_t1	86	5	1
patient2	p2_t1	86	6	18
patient2	p2_t1	87	1	0
patient2	p2_t1	87	2	84
patient2	p2_t1	87	3	0
patient2	p2_t1	87	4	0
patient2	p2_t1	87	5	1
patient2	p2_t1	87	6	15
patient2	p2_t1	88	1	0
patient2	p2_t1	88	2	50
patient2	p2_t1	88	3	0
patient2	p2_t1	88	4	33
patient2	p2_t1	88	5	1
patient2	p2_t1	88	6	16
patient2	p2_t1	89	1	0
patient2	p2_t1	89	2	84
patient2	p2_t1	89	3	0
patient2	p2_t1	89	4	0
patient2	p2_t1	89	5	1
patient2	p2_t1	89	6	15
patient2	p2_t1	90	1	5
patient2	p2_t1	90	2	47
patient2	p2_t1	90	3	0
patient2	p2_t1	90	4	33
patient2	p2_t1	90	5	1
patient2	p2_t1	90	6	14
patient2	p2_t1	91	1	0
patient2	p2_t1	91	2	80
patient2	p2_t1	91	3	0
patient2	p2_t1	91	4	2
patient2	p2_t1	91	5	1
patient2	p2_t1	91	6	17
patient2	p2_t1	92	1	0
patient2	p2_t1	92	2	50
patient2	p2_t1	92	3	0
patient2	p2_t1	92	4	32
patient2	p2_t1	92	5	1
patient2	p2_t1	92	6	17
patient2	p2_t1	93	1	0
patient2	p2_t1	93	2	50
patient2	p2_t1	93	3	0
patient2	p2_t1	93	4	33
patient2	p2_t1	93	5	1
patient2	p2_t1	93	6	16
patient2	p2_t1	94	1	0
patient2	p2_t1	94	2	50
patient2	p2_t1	94	3	0
patient2	p2_t1	94	4	32
patient2	p2_t1	94	5	1
patient2	p2_t1	94	6	17
patient2	p2_t1	95	1	0
patient2	p2_t1	95	2	93
patient2	p2_t1	95	3	0
patient2	p2_t1	95	4	0
patient2	p2_t1	95	5	1
patient2	p2_t1	95	6	6
patient2	p2_t1	96	1	1
patient2	p2_t1	96	2	50
patient2	p2_t1	96	3	0
patient2	p2_t1	96	4	32
patient2	p2_t1	96	5	1
patient2	p2_t1	96	6	16
patient2	p2_t1	97	1	0
patient2	p2_t1	97	2	50
patient2	p2_t1	97	3	0
patient2	p2_t1	97	4	35
patient2	p2_t1	97	5	1
patient2	p2_t1	97	6	14
patient2	p2_t1	98	1	0
patient2	p2_t1	98	2	52
patient2	p2_t1	98	3	0
patient2	p2_t1	98	4	31
patient2	p2_t1	98	5	1
patient2	p2_t1	98	6	16
patient2	p2_t1	99	1	0
patient2	p2_t1	99	2	85
patient2	p2_t1	99	3	0
patient2	p2_t1	99	4	0
patient2	p2_t1	99	5	1
patient2	p2_t1	99	6	14
patient2	p2_t2	0	1	0
patient2	p2_t2	0	2	78
patient2	p2_t2	0	3	0
patient2	p2_t2	0	4	0
patient2	p2_t2	0	5	13
patient2	p2_t2	0	6	9
patient2	p2_t2	1	1	0
patient2	p2_t2	1	2	67
patient2	p2_t2	1	3	0
patient2	p2_t2	1	4	7
patient2	p2_t2	1	5	13
patient2	p2_t2	1	6	13
patient2	p2_t2	2	1	0
patient2	p2_t2	2	2	62
patient2	p2_t2	2	3	0
patient2	p2_t2	2	4	12
patient2	p2_t2	2	5	13
patient2	p2_t2	2	6	13
patient2	p2_t2	3	1	0
patient2	p2_t2	3	2	76
patient2	p2_t2	3	3	0
patient2	p2_t2	3	4	0
patient2	p2_t2	3	5	13
patient2	p2_t2	3	6	11
patient2	p2_t2	4	1	0
patient2	p2_t2	4	2	10
patient2	p2_t2	4	3	38
patient2	p2_t2	4	4	26
patient2	p2_t2	4	5	13
patient2	p2_t2	4	6	13
patient2	p2_t2	5	1	0
patient2	p2_t2	5	2	7
patient2	p2_t2	5	3	40
patient2	p2_t2	5	4	27
patient2	p2_t2	5	5	13
patient2	p2_t2	5	6	13
patient2	p2_t2	6	1	0
patient2	p2_t2	6	2	9
patient2	p2_t2	6	3	39
patient2	p2_t2	6	4	26
patient2	p2_t2	6	5	13
patient2	p2_t2	6	6	13
patient2	p2_t2	7	1	0
patient2	p2_t2	7	2	67
patient2	p2_t2	7	3	0
patient2	p2_t2	7	4	7
patient2	p2_t2	7	5	13
patient2	p2_t2	7	6	13
patient2	p2_t2	8	1	0
patient2	p2_t2	8	2	8
patient2	p2_t2	8	3	40
patient2	p2_t2	8	4	26
patient2	p2_t2	8	5	13
patient2	p2_t2	8	6	13
patient2	p2_t2	9	1	0
patient2	p2_t2	9	2	13
patient2	p2_t2	9	3	35
patient2	p2_t2	9	4	26
patient2	p2_t2	9	5	13
patient2	p2_t2	9	6	13
patient2	p2_t2	10	1	0
patient2	p2_t2	10	2	5
patient2	p2_t2	10	3	45
patient2	p2_t2	10	4	24
patient2	p2_t2	10	5	13
patient2	p2_t2	10	6	13
patient2	p2_t2	11	1	0
patient2	p2_t2	11	2	9
patient2	p2_t2	11	3	40
patient2	p2_t2	11	4	25
patient2	p2_t2	11	5	13
patient2	p2_t2	11	6	13
patient2	p2_t2	12	1	0
patient2	p2_t2	12	2	8
patient2	p2_t2	12	3	40
patient2	p2_t2	12	4	26
patient2	p2_t2	12	5	13
patient2	p2_t2	12	6	13
patient2	p2_t2	13	1	0
patient2	p2_t2	13	2	65
patient2	p2_t2	13	3	0
patient2	p2_t2	13	4	9
patient2	p2_t2	13	5	13
patient2	p2_t2	13	6	13
patient2	p2_t2	14	1	0
patient2	p2_t2	14	2	80
patient2	p2_t2	14	3	0
patient2	p2_t2	14	4	0
patient2	p2_t2	14	5	13
patient2	p2_t2	14	6	7
patient2	p2_t2	15	1	0
patient2	p2_t2	15	2	11
patient2	p2_t2	15	3	37
patient2	p2_t2	15	4	26
patient2	p2_t2	15	5	13
patient2	p2_t2	15	6	13
patient2	p2_t2	16	1	0
patient2	p2_t2	16	2	9
patient2	p2_t2	16	3	41
patient2	p2_t2	16	4	24
patient2	p2_t2	16	5	13
patient2	p2_t2	16	6	13
patient2	p2_t2	17	1	0
patient2	p2_t2	17	2	11
patient2	p2_t2	17	3	39
patient2	p2_t2	17	4	24
patient2	p2_t2	17	5	13
patient2	p2_t2	17	6	13
patient2	p2_t2	18	1	0
patient2	p2_t2	18	2	85
patient2	p2_t2	18	3	0
patient2	p2_t2	18	4	0
patient2	p2_t2	18	5	13
patient2	p2_t2	18	6	2
patient2	p2_t2	19	1	0
patient2	p2_t2	19	2	46
patient2	p2_t2	19	3	4
patient2	p2_t2	19	4	24
patient2	p2_t2	19	5	13
patient2	p2_t2	19	6	13
patient2	p2_t2	20	1	0
patient2	p2_t2	20	2	9
patient2	p2_t2	20	3	38
patient2	p2_t2	20	4	27
patient2	p2_t2	20	5	13
patient2	p2_t2	20	6	13
patient2	p2_t2	21	1	0
patient2	p2_t2	21	2	7
patient2	p2_t2	21	3	41
patient2	p2_t2	21	4	26
patient2	p2_t2	21	5	13
patient2	p2_t2	21	6	13
patient2	p2_t2	22	1	0
patient2	p2_t2	22	2	83
patient2	p2_t2	22	3	0
patient2	p2_t2	22	4	0
patient2	p2_t2	22	5	13
patient2	p2_t2	22	6	4
patient2	p2_t2	23	1	0
patient2	p2_t2	23	2	11
patient2	p2_t2	23	3	37
patient2	p2_t2	23	4	26
patient2	p2_t2	23	5	13
patient2	p2_t2	23	6	13
patient2	p2_t2	24	1	0
patient2	p2_t2	24	2	15
patient2	p2_t2	24	3	34
patient2	p2_t2	24	4	25
patient2	p2_t2	24	5	13
patient2	p2_t2	24	6	13
patient2	p2_t2	25	1	0
patient2	p2_t2	25	2	15
patient2	p2_t2	25	3	34
patient2	p2_t2	25	4	25
patient2	p2_t2	25	5	13
patient2	p2_t2	25	6	13
patient2	p2_t2	26	1	0
patient2	p2_t2	26	2	84
patient2	p2_t2	26	3	0
patient2	p2_t2	26	4	0
patient2	p2_t2	26	5	13
patient2	p2_t2	26	6	3
patient2	p2_t2	27	1	0
patient2	p2_t2	27	2	9
patient2	p2_t2	27	3	39
patient2	p2_t2	27	4	26
patient2	p2_t2	27	5	13
patient2	p2_t2	27	6	13
patient2	p2_t2	28	1	0
patient2	p2_t2	28	2	8
patient2	p2_t2	28	3	42
patient2	p2_t2	28	4	24
patient2	p2_t2	28	5	13
patient2	p2_t2	28	6	13
patient2	p2_t2	29	1	0
patient2	p2_t2	29	2	9
patient2	p2_t2	29	3	40
patient2	p2_t2	29	4	25
patient2	p2_t2	29	5	13
patient2	p2_t2	29	6	13
patient2	p2_t2	30	1	0
patient2	p2_t2	30	2	86
patient2	p2_t2	30	3	0
patient2	p2_t2	30	4	0
patient2	p2_t2	30	5	13
patient2	p2_t2	30	6	1
patient2	p2_t2	31	1	0
patient2	p2_t2	31	2	7
patient2	p2_t2	31	3	41
patient2	p2_t2	31	4	26
patient2	p2_t2	31	5	13
patient2	p2_t2	31	6	13
patient2	p2_t2	32	1	0
patient2	p2_t2	32	2	19
patient2	p2_t2	32	3	29
patient2	p2_t2	32	4	26
patient2	p2_t2	32	5	13
patient2	p2_t2	32	6	13
patient2	p2_t2	33	1	0
patient2	p2_t2	33	2	10
patient2	p2_t2	33	3	40
patient2	p2_t2	33	4	24
patient2	p2_t2	33	5	13
patient2	p2_t2	33	6	13
patient2	p2_t2	34	1	0
patient2	p2_t2	34	2	60
patient2	p2_t2	34	3	0
patient2	p2_t2	34	4	14
patient2	p2_t2	34	5	13
patient2	p2_t2	34	6	13
patient2	p2_t2	35	1	0
patient2	p2_t2	35	2	10
patient2	p2_t2	35	3	38
patient2	p2_t2	35	4	26
patient2	p2_t2	35	5	13
patient2	p2_t2	35	6	13
patient2	p2_t2	36	1	0
patient2	p2_t2	36	2	69
patient2	p2_t2	36	3	0
patient2	p2_t2	36	4	5
patient2	p2_t2	36	5	13
patient2	p2_t2	36	6	13
patient2	p2_t2	37	1	0
patient2	p2_t2	37	2	8
patient2	p2_t2	37	3	41
patient2	p2_t2	37	4	25
patient2	p2_t2	37	5	13
patient2	p2_t2	37	6	13
patient2	p2_t2	38	1	0
patient2	p2_t2	38	2	52
patient2	p2_t2	38	3	0
patient2	p2_t2	38	4	22
patient2	p2_t2	38	5	13
patient2	p2_t2	38	6	13
patient2	p2_t2	39	1	0
patient2	p2_t2	39	2	83
patient2	p2_t2	39	3	0
patient2	p2_t2	39	4	0
patient2	p2_t2	39	5	13
patient2	p2_t2	39	6	4
patient2	p2_t2	40	1	0
patient2	p2_t2	40	2	10
patient2	p2_t2	40	3	37
patient2	p2_t2	40	4	27
patient2	p2_t2	40	5	13
patient2	p2_t2	40	6	13
patient2	p2_t2	41	1	0
patient2	p2_t2	41	2	12
patient2	p2_t2	41	3	34
patient2	p2_t2	41	4	28
patient2	p2_t2	41	5	13
patient2	p2_t2	41	6	13
patient2	p2_t2	42	1	0
patient2	p2_t2	42	2	67
patient2	p2_t2	42	3	0
patient2	p2_t2	42	4	7
patient2	p2_t2	42	5	13
patient2	p2_t2	42	6	13
patient2	p2_t2	43	1	0
patient2	p2_t2	43	2	11
patient2	p2_t2	43	3	38
patient2	p2_t2	43	4	25
patient2	p2_t2	43	5	13
patient2	p2_t2	43	6	13
patient2	p2_t2	44	1	0
patient2	p2_t2	44	2	68
patient2	p2_t2	44	3	0
patient2	p2_t2	44	4	6
patient2	p2_t2	44	5	13
patient2	p2_t2	44	6	13
patient2	p2_t2	45	1	0
patient2	p2_t2	45	2	75
patient2	p2_t2	45	3	0
patient2	p2_t2	45	4	0
patient2	p2_t2	45	5	13
patient2	p2_t2	45	6	12
patient2	p2_t2	46	1	0
patient2	p2_t2	46	2	14
patient2	p2_t2	46	3	34
patient2	p2_t2	46	4	26
patient2	p2_t2	46	5	13
patient2	p2_t2	46	6	13
patient2	p2_t2	47	1	0
patient2	p2_t2	47	2	80
patient2	p2_t2	47	3	0
patient2	p2_t2	47	4	0
patient2	p2_t2	47	5	13
patient2	p2_t2	47	6	7
patient2	p2_t2	48	1	0
patient2	p2_t2	48	2	66
patient2	p2_t2	48	3	0
patient2	p2_t2	48	4	8
patient2	p2_t2	48	5	13
patient2	p2_t2	48	6	13
patient2	p2_t2	49	1	0
patient2	p2_t2	49	2	67
patient2	p2_t2	49	3	0
patient2	p2_t2	49	4	7
patient2	p2_t2	49	5	13
patient2	p2_t2	49	6	13
patient2	p2_t2	50	1	0
patient2	p2_t2	50	2	8
patient2	p2_t2	50	3	41
patient2	p2_t2	50	4	25
patient2	p2_t2	50	5	13
patient2	p2_t2	50	6	13
patient2	p2_t2	51	1	0
patient2	p2_t2	51	2	11
patient2	p2_t2	51	3	37
patient2	p2_t2	51	4	26
patient2	p2_t2	51	5	13
patient2	p2_t2	51	6	13
patient2	p2_t2	52	1	0
patient2	p2_t2	52	2	8
patient2	p2_t2	52	3	39
patient2	p2_t2	52	4	27
patient2	p2_t2	52	5	13
patient2	p2_t2	52	6	13
patient2	p2_t2	53	1	0
patient2	p2_t2	53	2	15
patient2	p2_t2	53	3	33
patient2	p2_t2	53	4	26
patient2	p2_t2	53	5	13
patient2	p2_t2	53	6	13
patient2	p2_t2	54	1	0
patient2	p2_t2	54	2	7
patient2	p2_t2	54	3	42
patient2	p2_t2	54	4	25
patient2	p2_t2	54	5	13
patient2	p2_t2	54	6	13
patient2	p2_t2	55	1	0
patient2	p2_t2	55	2	83
patient2	p2_t2	55	3	0
patient2	p2_t2	55	4	0
patient2	p2_t2	55	5	13
patient2	p2_t2	55	6	4
patient2	p2_t2	56	1	0
patient2	p2_t2	56	2	12
patient2	p2_t2	56	3	37
patient2	p2_t2	56	4	25
patient2	p2_t2	56	5	13
patient2	p2_t2	56	6	13
patient2	p2_t2	57	1	0
patient2	p2_t2	57	2	60
patient2	p2_t2	57	3	0
patient2	p2_t2	57	4	14
patient2	p2_t2	57	5	13
patient2	p2_t2	57	6	13
patient2	p2_t2	58	1	0
patient2	p2_t2	58	2	7
patient2	p2_t2	58	3	39
patient2	p2_t2	58	4	28
patient2	p2_t2	58	5	13
patient2	p2_t2	58	6	13
patient2	p2_t2	59	1	0
patient2	p2_t2	59	2	79
patient2	p2_t2	59	3	0
patient2	p2_t2	59	4	0
patient2	p2_t2	59	5	13
patient2	p2_t2	59	6	8
patient2	p2_t2	60	1	0
patient2	p2_t2	60	2	62
patient2	p2_t2	60	3	0
patient2	p2_t2	60	4	12
patient2	p2_t2	60	5	13
patient2	p2_t2	60	6	13
patient2	p2_t2	61	1	0
patient2	p2_t2	61	2	8
patient2	p2_t2	61	3	42
patient2	p2_t2	61	4	24
patient2	p2_t2	61	5	13
patient2	p2_t2	61	6	13
patient2	p2_t2	62	1	0
patient2	p2_t2	62	2	71
patient2	p2_t2	62	3	0
patient2	p2_t2	62	4	3
patient2	p2_t2	62	5	13
patient2	p2_t2	62	6	13
patient2	p2_t2	63	1	0
patient2	p2_t2	63	2	81
patient2	p2_t2	63	3	0
patient2	p2_t2	63	4	0
patient2	p2_t2	63	5	13
patient2	p2_t2	63	6	6
patient2	p2_t2	64	1	0
patient2	p2_t2	64	2	73
patient2	p2_t2	64	3	0
patient2	p2_t2	64	4	1
patient2	p2_t2	64	5	13
patient2	p2_t2	64	6	13
patient2	p2_t2	65	1	0
patient2	p2_t2	65	2	12
patient2	p2_t2	65	3	35
patient2	p2_t2	65	4	27
patient2	p2_t2	65	5	13
patient2	p2_t2	65	6	13
patient2	p2_t2	66	1	0
patient2	p2_t2	66	2	14
patient2	p2_t2	66	3	36
patient2	p2_t2	66	4	24
patient2	p2_t2	66	5	13
patient2	p2_t2	66	6	13
patient2	p2_t2	67	1	0
patient2	p2_t2	67	2	8
patient2	p2_t2	67	3	39
patient2	p2_t2	67	4	27
patient2	p2_t2	67	5	13
patient2	p2_t2	67	6	13
patient2	p2_t2	68	1	0
patient2	p2_t2	68	2	87
patient2	p2_t2	68	3	0
patient2	p2_t2	68	4	0
patient2	p2_t2	68	5	13
patient2	p2_t2	68	6	0
patient2	p2_t2	69	1	0
patient2	p2_t2	69	2	13
patient2	p2_t2	69	3	36
patient2	p2_t2	69	4	25
patient2	p2_t2	69	5	13
patient2	p2_t2	69	6	13
patient2	p2_t2	70	1	0
patient2	p2_t2	70	2	9
patient2	p2_t2	70	3	40
patient2	p2_t2	70	4	25
patient2	p2_t2	70	5	13
patient2	p2_t2	70	6	13
patient2	p2_t2	71	1	0
patient2	p2_t2	71	2	8
patient2	p2_t2	71	3	41
patient2	p2_t2	71	4	25
patient2	p2_t2	71	5	13
patient2	p2_t2	71	6	13
patient2	p2_t2	72	1	0
patient2	p2_t2	72	2	12
patient2	p2_t2	72	3	36
patient2	p2_t2	72	4	26
patient2	p2_t2	72	5	13
patient2	p2_t2	72	6	13
patient2	p2_t2	73	1	0
patient2	p2_t2	73	2	75
patient2	p2_t2	73	3	0
patient2	p2_t2	73	4	0
patient2	p2_t2	73	5	13
patient2	p2_t2	73	6	12
patient2	p2_t2	74	1	0
patient2	p2_t2	74	2	10
patient2	p2_t2	74	3	38
patient2	p2_t2	74	4	26
patient2	p2_t2	74	5	13
patient2	p2_t2	74	6	13
patient2	p2_t2	75	1	0
patient2	p2_t2	75	2	9
patient2	p2_t2	75	3	38
patient2	p2_t2	75	4	27
patient2	p2_t2	75	5	13
patient2	p2_t2	75	6	13
patient2	p2_t2	76	1	0
patient2	p2_t2	76	2	7
patient2	p2_t2	76	3	41
patient2	p2_t2	76	4	26
patient2	p2_t2	76	5	13
patient2	p2_t2	76	6	13
patient2	p2_t2	77	1	0
patient2	p2_t2	77	2	11
patient2	p2_t2	77	3	37
patient2	p2_t2	77	4	26
patient2	p2_t2	77	5	13
patient2	p2_t2	77	6	13
patient2	p2_t2	78	1	0
patient2	p2_t2	78	2	63
patient2	p2_t2	78	3	0
patient2	p2_t2	78	4	11
patient2	p2_t2	78	5	13
patient2	p2_t2	78	6	13
patient2	p2_t2	79	1	0
patient2	p2_t2	79	2	10
patient2	p2_t2	79	3	38
patient2	p2_t2	79	4	26
patient2	p2_t2	79	5	13
patient2	p2_t2	79	6	13
patient2	p2_t2	80	1	0
patient2	p2_t2	80	2	86
patient2	p2_t2	80	3	0
patient2	p2_t2	80	4	0
patient2	p2_t2	80	5	13
patient2	p2_t2	80	6	1
patient2	p2_t2	81	1	0
patient2	p2_t2	81	2	11
patient2	p2_t2	81	3	36
patient2	p2_t2	81	4	27
patient2	p2_t2	81	5	13
patient2	p2_t2	81	6	13
patient2	p2_t2	82	1	0
patient2	p2_t2	82	2	9
patient2	p2_t2	82	3	39
patient2	p2_t2	82	4	26
patient2	p2_t2	82	5	13
patient2	p2_t2	82	6	13
patient2	p2_t2	83	1	0
patient2	p2_t2	83	2	84
patient2	p2_t2	83	3	0
patient2	p2_t2	83	4	0
patient2	p2_t2	83	5	13
patient2	p2_t2	83	6	3
patient2	p2_t2	84	1	0
patient2	p2_t2	84	2	11
patient2	p2_t2	84	3	35
patient2	p2_t2	84	4	28
patient2	p2_t2	84	5	13
patient2	p2_t2	84	6	13
patient2	p2_t2	85	1	0
patient2	p2_t2	85	2	60
patient2	p2_t2	85	3	0
patient2	p2_t2	85	4	14
patient2	p2_t2	85	5	13
patient2	p2_t2	85	6	13
patient2	p2_t2	86	1	0
patient2	p2_t2	86	2	71
patient2	p2_t2	86	3	0
patient2	p2_t2	86	4	3
patient2	p2_t2	86	5	13
patient2	p2_t2	86	6	13
patient2	p2_t2	87	1	0
patient2	p2_t2	87	2	83
patient2	p2_t2	87	3	0
patient2	p2_t2	87	4	0
patient2	p2_t2	87	5	13
patient2	p2_t2	87	6	4
patient2	p2_t2	88	1	0
patient2	p2_t2	88	2	56
patient2	p2_t2	88	3	0
patient2	p2_t2	88	4	18
patient2	p2_t2	88	5	13
patient2	p2_t2	88	6	13
patient2	p2_t2	89	1	0
patient2	p2_t2	89	2	7
patient2	p2_t2	89	3	41
patient2	p2_t2	89	4	26
patient2	p2_t2	89	5	13
patient2	p2_t2	89	6	13
patient2	p2_t2	90	1	0
patient2	p2_t2	90	2	82
patient2	p2_t2	90	3	0
patient2	p2_t2	90	4	0
patient2	p2_t2	90	5	13
patient2	p2_t2	90	6	5
patient2	p2_t2	91	1	0
patient2	p2_t2	91	2	48
patient2	p2_t2	91	3	0
patient2	p2_t2	91	4	26
patient2	p2_t2	91	5	13
patient2	p2_t2	91	6	13
patient2	p2_t2	92	1	0
patient2	p2_t2	92	2	12
patient2	p2_t2	92	3	33
patient2	p2_t2	92	4	29
patient2	p2_t2	92	5	13
patient2	p2_t2	92	6	13
patient2	p2_t2	93	1	0
patient2	p2_t2	93	2	86
patient2	p2_t2	93	3	0
patient2	p2_t2	93	4	0
patient2	p2_t2	93	5	13
patient2	p2_t2	93	6	1
patient2	p2_t2	94	1	0
patient2	p2_t2	94	2	71
patient2	p2_t2	94	3	0
patient2	p2_t2	94	4	3
patient2	p2_t2	94	5	13
patient2	p2_t2	94	6	13
patient2	p2_t2	95	1	0
patient2	p2_t2	95	2	80
patient2	p2_t2	95	3	0
patient2	p2_t2	95	4	0
patient2	p2_t2	95	5	13
patient2	p2_t2	95	6	7
patient2	p2_t2	96	1	0
patient2	p2_t2	96	2	10
patient2	p2_t2	96	3	37
patient2	p2_t2	96	4	27
patient2	p2_t2	96	5	13
patient2	p2_t2	96	6	13
patient2	p2_t2	97	1	0
patient2	p2_t2	97	2	9
patient2	p2_t2	97	3	41
patient2	p2_t2	97	4	24
patient2	p2_t2	97	5	13
patient2	p2_t2	97	6	13
patient2	p2_t2	98	1	0
patient2	p2_t2	98	2	78
patient2	p2_t2	98	3	0
patient2	p2_t2	98	4	0
patient2	p2_t2	98	5	13
patient2	p2_t2	98	6	9
patient2	p2_t2	99	1	0
patient2	p2_t2	99	2	9
patient2	p2_t2	99	3	39
patient2	p2_t2	99	4	26
patient2	p2_t2	99	5	13
patient2	p2_t2	99	6	13
patient2	p2_t3	0	1	0
patient2	p2_t3	0	2	0
patient2	p2_t3	0	3	56
patient2	p2_t3	0	4	9
patient2	p2_t3	0	5	26
patient2	p2_t3	0	6	9
patient2	p2_t3	1	1	0
patient2	p2_t3	1	2	15
patient2	p2_t3	1	3	8
patient2	p2_t3	1	4	9
patient2	p2_t3	1	5	59
patient2	p2_t3	1	6	9
patient2	p2_t3	2	1	0
patient2	p2_t3	2	2	28
patient2	p2_t3	2	3	0
patient2	p2_t3	2	4	4
patient2	p2_t3	2	5	59
patient2	p2_t3	2	6	9
patient2	p2_t3	3	1	0
patient2	p2_t3	3	2	33
patient2	p2_t3	3	3	0
patient2	p2_t3	3	4	5
patient2	p2_t3	3	5	53
patient2	p2_t3	3	6	9
patient2	p2_t3	4	1	0
patient2	p2_t3	4	2	0
patient2	p2_t3	4	3	59
patient2	p2_t3	4	4	9
patient2	p2_t3	4	5	23
patient2	p2_t3	4	6	9
patient2	p2_t3	5	1	0
patient2	p2_t3	5	2	0
patient2	p2_t3	5	3	61
patient2	p2_t3	5	4	7
patient2	p2_t3	5	5	21
patient2	p2_t3	5	6	11
patient2	p2_t3	6	1	0
patient2	p2_t3	6	2	13
patient2	p2_t3	6	3	10
patient2	p2_t3	6	4	9
patient2	p2_t3	6	5	59
patient2	p2_t3	6	6	9
patient2	p2_t3	7	1	0
patient2	p2_t3	7	2	31
patient2	p2_t3	7	3	0
patient2	p2_t3	7	4	8
patient2	p2_t3	7	5	52
patient2	p2_t3	7	6	9
patient2	p2_t3	8	1	0
patient2	p2_t3	8	2	31
patient2	p2_t3	8	3	0
patient2	p2_t3	8	4	4
patient2	p2_t3	8	5	56
patient2	p2_t3	8	6	9
patient2	p2_t3	9	1	0
patient2	p2_t3	9	2	28
patient2	p2_t3	9	3	0
patient2	p2_t3	9	4	2
patient2	p2_t3	9	5	58
patient2	p2_t3	9	6	12
patient2	p2_t3	10	1	0
patient2	p2_t3	10	2	12
patient2	p2_t3	10	3	15
patient2	p2_t3	10	4	11
patient2	p2_t3	10	5	55
patient2	p2_t3	10	6	7
patient2	p2_t3	11	1	0
patient2	p2_t3	11	2	42
patient2	p2_t3	11	3	0
patient2	p2_t3	11	4	0
patient2	p2_t3	11	5	56
patient2	p2_t3	11	6	2
patient2	p2_t3	12	1	0
patient2	p2_t3	12	2	0
patient2	p2_t3	12	3	26
patient2	p2_t3	12	4	9
patient2	p2_t3	12	5	56
patient2	p2_t3	12	6	9
patient2	p2_t3	13	1	0
patient2	p2_t3	13	2	0
patient2	p2_t3	13	3	57
patient2	p2_t3	13	4	9
patient2	p2_t3	13	5	25
patient2	p2_t3	13	6	9
patient2	p2_t3	14	1	0
patient2	p2_t3	14	2	21
patient2	p2_t3	14	3	2
patient2	p2_t3	14	4	11
patient2	p2_t3	14	5	59
patient2	p2_t3	14	6	7
patient2	p2_t3	15	1	0
patient2	p2_t3	15	2	16
patient2	p2_t3	15	3	14
patient2	p2_t3	15	4	5
patient2	p2_t3	15	5	51
patient2	p2_t3	15	6	13
patient2	p2_t3	16	1	0
patient2	p2_t3	16	2	0
patient2	p2_t3	16	3	28
patient2	p2_t3	16	4	9
patient2	p2_t3	16	5	54
patient2	p2_t3	16	6	9
patient2	p2_t3	17	1	0
patient2	p2_t3	17	2	30
patient2	p2_t3	17	3	0
patient2	p2_t3	17	4	4
patient2	p2_t3	17	5	58
patient2	p2_t3	17	6	8
patient2	p2_t3	18	1	0
patient2	p2_t3	18	2	37
patient2	p2_t3	18	3	0
patient2	p2_t3	18	4	0
patient2	p2_t3	18	5	59
patient2	p2_t3	18	6	4
patient2	p2_t3	19	1	0
patient2	p2_t3	19	2	0
patient2	p2_t3	19	3	58
patient2	p2_t3	19	4	6
patient2	p2_t3	19	5	24
patient2	p2_t3	19	6	12
patient2	p2_t3	20	1	0
patient2	p2_t3	20	2	0
patient2	p2_t3	20	3	61
patient2	p2_t3	20	4	10
patient2	p2_t3	20	5	21
patient2	p2_t3	20	6	8
patient2	p2_t3	21	1	0
patient2	p2_t3	21	2	21
patient2	p2_t3	21	3	3
patient2	p2_t3	21	4	4
patient2	p2_t3	21	5	58
patient2	p2_t3	21	6	14
patient2	p2_t3	22	1	0
patient2	p2_t3	22	2	0
patient2	p2_t3	22	3	61
patient2	p2_t3	22	4	11
patient2	p2_t3	22	5	20
patient2	p2_t3	22	6	7
patient2	p2_t3	23	1	0
patient2	p2_t3	23	2	0
patient2	p2_t3	23	3	59
patient2	p2_t3	23	4	9
patient2	p2_t3	23	5	23
patient2	p2_t3	23	6	9
patient2	p2_t3	24	1	0
patient2	p2_t3	24	2	0
patient2	p2_t3	24	3	60
patient2	p2_t3	24	4	9
patient2	p2_t3	24	5	22
patient2	p2_t3	24	6	9
patient2	p2_t3	25	1	0
patient2	p2_t3	25	2	0
patient2	p2_t3	25	3	61
patient2	p2_t3	25	4	9
patient2	p2_t3	25	5	21
patient2	p2_t3	25	6	9
patient2	p2_t3	26	1	0
patient2	p2_t3	26	2	21
patient2	p2_t3	26	3	3
patient2	p2_t3	26	4	9
patient2	p2_t3	26	5	58
patient2	p2_t3	26	6	9
patient2	p2_t3	27	1	0
patient2	p2_t3	27	2	0
patient2	p2_t3	27	3	59
patient2	p2_t3	27	4	9
patient2	p2_t3	27	5	23
patient2	p2_t3	27	6	9
patient2	p2_t3	28	1	0
patient2	p2_t3	28	2	0
patient2	p2_t3	28	3	57
patient2	p2_t3	28	4	9
patient2	p2_t3	28	5	25
patient2	p2_t3	28	6	9
patient2	p2_t3	29	1	0
patient2	p2_t3	29	2	0
patient2	p2_t3	29	3	57
patient2	p2_t3	29	4	11
patient2	p2_t3	29	5	25
patient2	p2_t3	29	6	7
patient2	p2_t3	30	1	0
patient2	p2_t3	30	2	0
patient2	p2_t3	30	3	61
patient2	p2_t3	30	4	9
patient2	p2_t3	30	5	21
patient2	p2_t3	30	6	9
patient2	p2_t3	31	1	0
patient2	p2_t3	31	2	0
patient2	p2_t3	31	3	57
patient2	p2_t3	31	4	9
patient2	p2_t3	31	5	25
patient2	p2_t3	31	6	9
patient2	p2_t3	32	1	0
patient2	p2_t3	32	2	0
patient2	p2_t3	32	3	56
patient2	p2_t3	32	4	9
patient2	p2_t3	32	5	26
patient2	p2_t3	32	6	9
patient2	p2_t3	33	1	0
patient2	p2_t3	33	2	9
patient2	p2_t3	33	3	20
patient2	p2_t3	33	4	9
patient2	p2_t3	33	5	53
patient2	p2_t3	33	6	9
patient2	p2_t3	34	1	0
patient2	p2_t3	34	2	0
patient2	p2_t3	34	3	51
patient2	p2_t3	34	4	10
patient2	p2_t3	34	5	31
patient2	p2_t3	34	6	8
patient2	p2_t3	35	1	0
patient2	p2_t3	35	2	0
patient2	p2_t3	35	3	60
patient2	p2_t3	35	4	6
patient2	p2_t3	35	5	22
patient2	p2_t3	35	6	12
patient2	p2_t3	36	1	0
patient2	p2_t3	36	2	17
patient2	p2_t3	36	3	7
patient2	p2_t3	36	4	9
patient2	p2_t3	36	5	58
patient2	p2_t3	36	6	9
patient2	p2_t3	37	1	0
patient2	p2_t3	37	2	20
patient2	p2_t3	37	3	5
patient2	p2_t3	37	4	9
patient2	p2_t3	37	5	57
patient2	p2_t3	37	6	9
patient2	p2_t3	38	1	0
patient2	p2_t3	38	2	33
patient2	p2_t3	38	3	0
patient2	p2_t3	38	4	0
patient2	p2_t3	38	5	58
patient2	p2_t3	38	6	9
patient2	p2_t3	39	1	0
patient2	p2_t3	39	2	0
patient2	p2_t3	39	3	55
patient2	p2_t3	39	4	9
patient2	p2_t3	39	5	27
patient2	p2_t3	39	6	9
patient2	p2_t3	40	1	0
patient2	p2_t3	40	2	0
patient2	p2_t3	40	3	56
patient2	p2_t3	40	4	9
patient2	p2_t3	40	5	26
patient2	p2_t3	40	6	9
patient2	p2_t3	41	1	0
patient2	p2_t3	41	2	45
patient2	p2_t3	41	3	0
patient2	p2_t3	41	4	0
patient2	p2_t3	41	5	55
patient2	p2_t3	41	6	0
patient2	p2_t3	42	1	0
patient2	p2_t3	42	2	45
patient2	p2_t3	42	3	0
patient2	p2_t3	42	4	0
patient2	p2_t3	42	5	55
patient2	p2_t3	42	6	0
patient2	p2_t3	43	1	0
patient2	p2_t3	43	2	0
patient2	p2_t3	43	3	55
patient2	p2_t3	43	4	7
patient2	p2_t3	43	5	27
patient2	p2_t3	43	6	11
patient2	p2_t3	44	1	0
patient2	p2_t3	44	2	0
patient2	p2_t3	44	3	55
patient2	p2_t3	44	4	9
patient2	p2_t3	44	5	27
patient2	p2_t3	44	6	9
patient2	p2_t3	45	1	0
patient2	p2_t3	45	2	16
patient2	p2_t3	45	3	7
patient2	p2_t3	45	4	9
patient2	p2_t3	45	5	59
patient2	p2_t3	45	6	9
patient2	p2_t3	46	1	0
patient2	p2_t3	46	2	0
patient2	p2_t3	46	3	58
patient2	p2_t3	46	4	9
patient2	p2_t3	46	5	24
patient2	p2_t3	46	6	9
patient2	p2_t3	47	1	0
patient2	p2_t3	47	2	0
patient2	p2_t3	47	3	61
patient2	p2_t3	47	4	10
patient2	p2_t3	47	5	21
patient2	p2_t3	47	6	8
patient2	p2_t3	48	1	0
patient2	p2_t3	48	2	29
patient2	p2_t3	48	3	0
patient2	p2_t3	48	4	4
patient2	p2_t3	48	5	58
patient2	p2_t3	48	6	9
patient2	p2_t3	49	1	0
patient2	p2_t3	49	2	40
patient2	p2_t3	49	3	0
patient2	p2_t3	49	4	0
patient2	p2_t3	49	5	57
patient2	p2_t3	49	6	3
patient2	p2_t3	50	1	0
patient2	p2_t3	50	2	0
patient2	p2_t3	50	3	61
patient2	p2_t3	50	4	9
patient2	p2_t3	50	5	21
patient2	p2_t3	50	6	9
patient2	p2_t3	51	1	0
patient2	p2_t3	51	2	16
patient2	p2_t3	51	3	1
patient2	p2_t3	51	4	5
patient2	p2_t3	51	5	65
patient2	p2_t3	51	6	13
patient2	p2_t3	52	1	0
patient2	p2_t3	52	2	21
patient2	p2_t3	52	3	6
patient2	p2_t3	52	4	7
patient2	p2_t3	52	5	55
patient2	p2_t3	52	6	11
patient2	p2_t3	53	1	0
patient2	p2_t3	53	2	42
patient2	p2_t3	53	3	0
patient2	p2_t3	53	4	0
patient2	p2_t3	53	5	57
patient2	p2_t3	53	6	1
patient2	p2_t3	54	1	0
patient2	p2_t3	54	2	20
patient2	p2_t3	54	3	7
patient2	p2_t3	54	4	9
patient2	p2_t3	54	5	55
patient2	p2_t3	54	6	9
patient2	p2_t3	55	1	0
patient2	p2_t3	55	2	20
patient2	p2_t3	55	3	4
patient2	p2_t3	55	4	9
patient2	p2_t3	55	5	58
patient2	p2_t3	55	6	9
patient2	p2_t3	56	1	0
patient2	p2_t3	56	2	26
patient2	p2_t3	56	3	0
patient2	p2_t3	56	4	8
patient2	p2_t3	56	5	57
patient2	p2_t3	56	6	9
patient2	p2_t3	57	1	0
patient2	p2_t3	57	2	23
patient2	p2_t3	57	3	4
patient2	p2_t3	57	4	9
patient2	p2_t3	57	5	55
patient2	p2_t3	57	6	9
patient2	p2_t3	58	1	0
patient2	p2_t3	58	2	0
patient2	p2_t3	58	3	57
patient2	p2_t3	58	4	9
patient2	p2_t3	58	5	25
patient2	p2_t3	58	6	9
patient2	p2_t3	59	1	0
patient2	p2_t3	59	2	7
patient2	p2_t3	59	3	19
patient2	p2_t3	59	4	5
patient2	p2_t3	59	5	56
patient2	p2_t3	59	6	13
patient2	p2_t3	60	1	0
patient2	p2_t3	60	2	0
patient2	p2_t3	60	3	58
patient2	p2_t3	60	4	9
patient2	p2_t3	60	5	24
patient2	p2_t3	60	6	9
patient2	p2_t3	61	1	0
patient2	p2_t3	61	2	0
patient2	p2_t3	61	3	59
patient2	p2_t3	61	4	9
patient2	p2_t3	61	5	23
patient2	p2_t3	61	6	9
patient2	p2_t3	62	1	0
patient2	p2_t3	62	2	0
patient2	p2_t3	62	3	61
patient2	p2_t3	62	4	10
patient2	p2_t3	62	5	21
patient2	p2_t3	62	6	8
patient2	p2_t3	63	1	0
patient2	p2_t3	63	2	0
patient2	p2_t3	63	3	51
patient2	p2_t3	63	4	10
patient2	p2_t3	63	5	31
patient2	p2_t3	63	6	8
patient2	p2_t3	64	1	0
patient2	p2_t3	64	2	0
patient2	p2_t3	64	3	61
patient2	p2_t3	64	4	9
patient2	p2_t3	64	5	21
patient2	p2_t3	64	6	9
patient2	p2_t3	65	1	0
patient2	p2_t3	65	2	6
patient2	p2_t3	65	3	20
patient2	p2_t3	65	4	9
patient2	p2_t3	65	5	56
patient2	p2_t3	65	6	9
patient2	p2_t3	66	1	0
patient2	p2_t3	66	2	0
patient2	p2_t3	66	3	57
patient2	p2_t3	66	4	7
patient2	p2_t3	66	5	25
patient2	p2_t3	66	6	11
patient2	p2_t3	67	1	0
patient2	p2_t3	67	2	23
patient2	p2_t3	67	3	0
patient2	p2_t3	67	4	4
patient2	p2_t3	67	5	64
patient2	p2_t3	67	6	9
patient2	p2_t3	68	1	0
patient2	p2_t3	68	2	7
patient2	p2_t3	68	3	10
patient2	p2_t3	68	4	9
patient2	p2_t3	68	5	65
patient2	p2_t3	68	6	9
patient2	p2_t3	69	1	0
patient2	p2_t3	69	2	0
patient2	p2_t3	69	3	60
patient2	p2_t3	69	4	9
patient2	p2_t3	69	5	22
patient2	p2_t3	69	6	9
patient2	p2_t3	70	1	0
patient2	p2_t3	70	2	0
patient2	p2_t3	70	3	59
patient2	p2_t3	70	4	9
patient2	p2_t3	70	5	23
patient2	p2_t3	70	6	9
patient2	p2_t3	71	1	0
patient2	p2_t3	71	2	17
patient2	p2_t3	71	3	6
patient2	p2_t3	71	4	7
patient2	p2_t3	71	5	59
patient2	p2_t3	71	6	11
patient2	p2_t3	72	1	0
patient2	p2_t3	72	2	29
patient2	p2_t3	72	3	2
patient2	p2_t3	72	4	11
patient2	p2_t3	72	5	51
patient2	p2_t3	72	6	7
patient2	p2_t3	73	1	0
patient2	p2_t3	73	2	38
patient2	p2_t3	73	3	0
patient2	p2_t3	73	4	0
patient2	p2_t3	73	5	57
patient2	p2_t3	73	6	5
patient2	p2_t3	74	1	0
patient2	p2_t3	74	2	0
patient2	p2_t3	74	3	61
patient2	p2_t3	74	4	9
patient2	p2_t3	74	5	21
patient2	p2_t3	74	6	9
patient2	p2_t3	75	1	0
patient2	p2_t3	75	2	29
patient2	p2_t3	75	3	0
patient2	p2_t3	75	4	5
patient2	p2_t3	75	5	57
patient2	p2_t3	75	6	9
patient2	p2_t3	76	1	0
patient2	p2_t3	76	2	20
patient2	p2_t3	76	3	2
patient2	p2_t3	76	4	10
patient2	p2_t3	76	5	59
patient2	p2_t3	76	6	8
patient2	p2_t3	77	1	0
patient2	p2_t3	77	2	0
patient2	p2_t3	77	3	59
patient2	p2_t3	77	4	9
patient2	p2_t3	77	5	23
patient2	p2_t3	77	6	9
patient2	p2_t3	78	1	0
patient2	p2_t3	78	2	0
patient2	p2_t3	78	3	57
patient2	p2_t3	78	4	9
patient2	p2_t3	78	5	25
patient2	p2_t3	78	6	9
patient2	p2_t3	79	1	0
patient2	p2_t3	79	2	13
patient2	p2_t3	79	3	10
patient2	p2_t3	79	4	5
patient2	p2_t3	79	5	59
patient2	p2_t3	79	6	13
patient2	p2_t3	80	1	0
patient2	p2_t3	80	2	0
patient2	p2_t3	80	3	61
patient2	p2_t3	80	4	9
patient2	p2_t3	80	5	20
patient2	p2_t3	80	6	9
patient2	p2_t3	81	1	0
patient2	p2_t3	81	2	17
patient2	p2_t3	81	3	6
patient2	p2_t3	81	4	9
patient2	p2_t3	81	5	59
patient2	p2_t3	81	6	9
patient2	p2_t3	82	1	0
patient2	p2_t3	82	2	0
patient2	p2_t3	82	3	60
patient2	p2_t3	82	4	6
patient2	p2_t3	82	5	22
patient2	p2_t3	82	6	12
patient2	p2_t3	83	1	0
patient2	p2_t3	83	2	29
patient2	p2_t3	83	3	0
patient2	p2_t3	83	4	4
patient2	p2_t3	83	5	58
patient2	p2_t3	83	6	9
patient2	p2_t3	84	1	0
patient2	p2_t3	84	2	25
patient2	p2_t3	84	3	1
patient2	p2_t3	84	4	10
patient2	p2_t3	84	5	56
patient2	p2_t3	84	6	8
patient2	p2_t3	85	1	0
patient2	p2_t3	85	2	47
patient2	p2_t3	85	3	0
patient2	p2_t3	85	4	0
patient2	p2_t3	85	5	52
patient2	p2_t3	85	6	1
patient2	p2_t3	86	1	0
patient2	p2_t3	86	2	0
patient2	p2_t3	86	3	61
patient2	p2_t3	86	4	9
patient2	p2_t3	86	5	21
patient2	p2_t3	86	6	9
patient2	p2_t3	87	1	0
patient2	p2_t3	87	2	20
patient2	p2_t3	87	3	3
patient2	p2_t3	87	4	9
patient2	p2_t3	87	5	59
patient2	p2_t3	87	6	9
patient2	p2_t3	88	1	0
patient2	p2_t3	88	2	0
patient2	p2_t3	88	3	58
patient2	p2_t3	88	4	9
patient2	p2_t3	88	5	24
patient2	p2_t3	88	6	9
patient2	p2_t3	89	1	0
patient2	p2_t3	89	2	0
patient2	p2_t3	89	3	60
patient2	p2_t3	89	4	9
patient2	p2_t3	89	5	22
patient2	p2_t3	89	6	9
patient2	p2_t3	90	1	0
patient2	p2_t3	90	2	0
patient2	p2_t3	90	3	59
patient2	p2_t3	90	4	9
patient2	p2_t3	90	5	23
patient2	p2_t3	90	6	9
patient2	p2_t3	91	1	0
patient2	p2_t3	91	2	0
patient2	p2_t3	91	3	26
patient2	p2_t3	91	4	9
patient2	p2_t3	91	5	56
patient2	p2_t3	91	6	9
patient2	p2_t3	92	1	0
patient2	p2_t3	92	2	15
patient2	p2_t3	92	3	9
patient2	p2_t3	92	4	9
patient2	p2_t3	92	5	58
patient2	p2_t3	92	6	9
patient2	p2_t3	93	1	0
patient2	p2_t3	93	2	9
patient2	p2_t3	93	3	1
patient2	p2_t3	93	4	5
patient2	p2_t3	93	5	72
patient2	p2_t3	93	6	13
patient2	p2_t3	94	1	0
patient2	p2_t3	94	2	0
patient2	p2_t3	94	3	58
patient2	p2_t3	94	4	10
patient2	p2_t3	94	5	24
patient2	p2_t3	94	6	8
patient2	p2_t3	95	1	0
patient2	p2_t3	95	2	0
patient2	p2_t3	95	3	61
patient2	p2_t3	95	4	9
patient2	p2_t3	95	5	21
patient2	p2_t3	95	6	9
patient2	p2_t3	96	1	0
patient2	p2_t3	96	2	0
patient2	p2_t3	96	3	61
patient2	p2_t3	96	4	9
patient2	p2_t3	96	5	21
patient2	p2_t3	96	6	9
patient2	p2_t3	97	1	0
patient2	p2_t3	97	2	39
patient2	p2_t3	97	3	0
patient2	p2_t3	97	4	0
patient2	p2_t3	97	5	58
patient2	p2_t3	97	6	3
patient2	p2_t3	98	1	0
patient2	p2_t3	98	2	0
patient2	p2_t3	98	3	61
patient2	p2_t3	98	4	3
patient2	p2_t3	98	5	21
patient2	p2_t3	98	6	15
patient2	p2_t3	99	1	0
patient2	p2_t3	99	2	37
patient2	p2_t3	99	3	0
patient2	p2_t3	99	4	0
patient2	p2_t3	99	5	55
patient2	p2_t3	99	6	8
